USE MyFitnessPalDB;
GO

INSERT INTO Users (Name, Email, Password, Age, Gender, Height, Weight, JoinDate)
VALUES
(N'???? ??????', N'ivan.petrov@example.com', N'pass123', 28, N'Male', 178, 82, GETDATE()),
(N'????? ?????????', N'm.georgieva@example.com', N'pass456', 24, N'Female', 165, 58, GETDATE()),
(N'?????? ??????', N'georgi.ivanov@example.com', N'pass789', 31, N'Male', 182, 90, GETDATE());

INSERT INTO Exercises (Category, Name, Equipment, CaloriesPerMinute)
VALUES
(N'?????', N'?????? ?????', N'??? ??????????', 7),
(N'?????', N'???????', N'??? ??????????', 6),
(N'????', N'?????????', N'????', 8),
(N'??????', N'??????', N'??????', 10),
(N'????', N'?????? ?????', N'???????', 6.5);

INSERT INTO Foods (Name, Category, CaloriesPer100g, Protein, Carbs, Fat, CreatedAt)
VALUES
(N'??????? ????', N'????', 165, 31, 0, 3.6, GETDATE()),
(N'??????? ????', N'???????', 380, 13, 69, 7, GETDATE()),
(N'????', N'????/??????????', 155, 12, 1.1, 11, GETDATE()),
(N'?????', N'???????', 89, 1.1, 23, 0.3, GETDATE()),
(N'?????? ????? 2%', N'??????', 60, 4, 4.5, 2, GETDATE());

INSERT INTO Goals (UserID, Name, Category, CaloriesTargetPerDay, ProteinTargetPerDay)
VALUES
(1, N'??????????', N'?????', 2000, 140),
(2, N'??????????', N'??????', 2200, 120),
(3, N'????????? ?? ???????? ????', N'??????', 2800, 180);

INSERT INTO Workouts (UserID, WorkoutName, Date, DurationMinutes, TotalCaloriesBurned)
VALUES
(1, N'???????? ??????????', '2025-11-07', 45, 350),
(2, N'?????????? ??????????', '2025-11-07', 30, 220),
(3, N'?????? ?????', '2025-11-07', 50, 500);

INSERT INTO WorkoutExercises (WorkoutID, ExerciseID, Sets, Reps, Duration)
VALUES
(1, 1, 4, 12, 10),
(1, 2, 4, 15, 8),
(2, 3, 3, 8, 6),
(3, 4, NULL, NULL, 30),
(3, 5, 3, 10, 8);

INSERT INTO Meals (UserID, Date, MealType, TotalCalories)
VALUES
(1, '2025-11-07', N'???????', 450),
(1, '2025-11-07', N'????', 680),
(2, '2025-11-07', N'???????', 320),
(3, '2025-11-07', N'??????', 500);

INSERT INTO MealsFoods (MealID, FoodID, QuantityGrams)
VALUES
(1, 2, 80),
(1, 5, 200),
(2, 1, 200),
(2, 4, 120),
(3, 5, 250),
(4, 1, 180);



INSERT INTO Users (Name, Email, Password, Age, Gender, Height, Weight, JoinDate)
VALUES
(N'????? ??????', N'elena.stoeva@example.com', N'securepass', 29, N'Female', 170, 65, '2025-10-15'),
(N'????? ????????', N'peter.dimitrov@example.com', N'mypass123', 35, N'Male', 185, 95, '2025-10-20'),
(N'?????? ??????', N'denitsa.koleva@example.com', N'dpass', 22, N'Female', 160, 52, '2025-11-01');


INSERT INTO Exercises (Category, Name, Equipment, CaloriesPerMinute)
VALUES
(N'????', N'?????? ????', N'?????', 5.5),
(N'??????', N'?????? ?? ??????', N'??????', 9),
(N'????', N'?????? ?????', N'??? ??????????', 7.5),
(N'??????', N'??????? ?? ????', N'????', 12),
(N'????', N'??????? ?????', N'??? ??????????', 4);


INSERT INTO Goals (UserID, Name, Category, CaloriesTargetPerDay, ProteinTargetPerDay)
VALUES
(4, N'??????????', N'???????', 1800, 100),
(5, N'??????????', N'????', 2500, 160),
(6, N'?????????? ?? ?????? ?????', N'???????', 2000, 110);

INSERT INTO Workouts (UserID, WorkoutName, Date, DurationMinutes, TotalCaloriesBurned)
VALUES
(1, N'???????? ??????????', '2025-11-08', 60, 450), 
(4, N'???? ?????', '2025-11-07', 40, 250),     
(5, N'????? ? ????', '2025-11-08', 75, 700),           
(6, N'?????????? ??????????', '2025-11-09', 35, 300),  
(1, N'??????? ??????', '2025-11-10', 45, 400),          
(2, N'?????? ?????????', '2025-11-10', 30, 200);          

INSERT INTO WorkoutExercises (WorkoutID, ExerciseID, Sets, Reps, Duration)
VALUES
(4, 3, 3, 10, 8),      
(4, 7, 3, 15, 12),     
(5, 6, NULL, NULL, 40), 
(6, 4, 5, 8, 15),     
(6, 5, 5, 12, 10), 
(7, 8, NULL, NULL, 20),
(7, 9, 3, 15, 10),  
(8, 1, 4, 10, 15),   
(9, 10, NULL, NULL, 30);

INSERT INTO Foods (Name, Category, CaloriesPer100g, Protein, Carbs, Fat, CreatedAt)
VALUES
(N'??????', N'????', 100, 20, 0, 2, GETDATE()),
(N'????', N'???????', 349, 10, 75, 1.3, GETDATE()),
(N'???????', N'????', 220, 25, 1, 13, GETDATE()),
(N'??????', N'?????????', 40, 3, 4, 1, GETDATE()),
(N'??????? ????', N'???????', 270, 7, 58, 2, GETDATE());

INSERT INTO Meals (UserID, Date, MealType, TotalCalories)
VALUES
(4, '2025-11-07', N'???????', 350), 
(4, '2025-11-07', N'????', 550),  
(5, '2025-11-08', N'???????', 600),   
(5, '2025-11-08', N'??????', 900), 
(1, '2025-11-08', N'??????', 520),   
(6, '2025-11-09', N'???????', 400), 
(2, '2025-11-10', N'????', 700);  

INSERT INTO MealsFoods (MealID, FoodID, QuantityGrams)
VALUES
(5, 10, 150),
(5, 9, 100),
(6, 4, 150),
(6, 7, 80),
(7, 1, 250),
(7, 5, 100),
(8, 2, 150),
(8, 8, 200),
(9, 3, 100),
(9, 4, 100),
(10, 1, 150),
(10, 7, 50),
(11, 2, 100),
(11, 5, 150),
(11, 6, 80);